"guid";"module";"submodule";"action";"code";"create_dt";"create_by";"update_dt";"update_by";"delete_dt"
"2cba511ed21a47738bd0c613474cc133";"KIOSK";"OUT_GATE";"ADD";"KIOSK_OUT_GATE_ADD";0;"";0;"";0
"c43b97f3a7c64f6fb9816f216f20B001";"TARIFF";"CLEANING";"VIEW";"TARIFF_CLEANING_VIEW";0;"";0;"";0
"c43b97f3a7c64f6fb9816f216f20B002";"TARIFF";"CLEANING";"EDIT";"TARIFF_CLEANING_EDIT";0;"";0;"";0
"c43b97f3a7c64f6fb9816f216f20B003";"TARIFF";"CLEANING";"DELETE";"TARIFF_CLEANING_DELETE";0;"";0;"";0
"c43b97f3a7c64f6fb9816f216f20B004";"TARIFF";"CLEANING";"ADD";"TARIFF_CLEANING_ADD";0;"";0;"";0
"c43b97f3a7c64f6fb9816f216f20B005";"TARIFF";"BUFFER_CLEANING";"VIEW";"TARIFF_BUFFER_CLEANING_VIEW";0;"";0;"";0
"c43b97f3a7c64f6fb9816f216f20B006";"TARIFF";"BUFFER_CLEANING";"EDIT";"TARIFF_BUFFER_CLEANING_EDIT";0;"";0;"";0
"c43b97f3a7c64f6fb9816f216f20B007";"TARIFF";"BUFFER_CLEANING";"DELETE";"TARIFF_BUFFER_CLEANING_DELETE";0;"";0;"";0
"c43b97f3a7c64f6fb9816f216f20B008";"TARIFF";"BUFFER_CLEANING";"ADD";"TARIFF_BUFFER_CLEANING_ADD";0;"";0;"";0
"c43b97f3a7c64f6fb9816f216f20B009";"TARIFF";"RESIDUE_DISPOSAL";"VIEW";"TARIFF_RESIDUE_DISPOSAL_VIEW";0;"";0;"";0
"c43b97f3a7c64f6fb9816f216f20B010";"TARIFF";"RESIDUE_DISPOSAL";"EDIT";"TARIFF_RESIDUE_DISPOSAL_EDIT";0;"";0;"";0
"c43b97f3a7c64f6fb9816f216f20B011";"TARIFF";"RESIDUE_DISPOSAL";"DELETE";"TARIFF_RESIDUE_DISPOSAL_DELETE";0;"";0;"";0
"c43b97f3a7c64f6fb9816f216f20B012";"TARIFF";"RESIDUE_DISPOSAL";"ADD";"TARIFF_RESIDUE_DISPOSAL_ADD";0;"";0;"";0
"c43b97f3a7c64f6fb9816f216f20B013";"TARIFF";"DEPOT_COST";"VIEW";"TARIFF_DEPOT_COST_VIEW";0;"";0;"";0
"c43b97f3a7c64f6fb9816f216f20B014";"TARIFF";"DEPOT_COST";"EDIT";"TARIFF_DEPOT_COST_EDIT";0;"";0;"";0
"c43b97f3a7c64f6fb9816f216f20B015";"TARIFF";"DEPOT_COST";"DELETE";"TARIFF_DEPOT_COST_DELETE";0;"";0;"";0
"c43b97f3a7c64f6fb9816f216f20B016";"TARIFF";"DEPOT_COST";"ADD";"TARIFF_DEPOT_COST_ADD";0;"";0;"";0
"c43b97f3a7c64f6fb9816f216f20B017";"TARIFF";"LABOUR_COST";"VIEW";"TARIFF_LABOUR_COST_VIEW";0;"";0;"";0
"c43b97f3a7c64f6fb9816f216f20B018";"TARIFF";"LABOUR_COST";"EDIT";"TARIFF_LABOUR_COST_EDIT";0;"";0;"";0
"c43b97f3a7c64f6fb9816f216f20B019";"TARIFF";"LABOUR_COST";"DELETE";"TARIFF_LABOUR_COST_DELETE";0;"";0;"";0
"c43b97f3a7c64f6fb9816f216f20B020";"TARIFF";"LABOUR_COST";"ADD";"TARIFF_LABOUR_COST_ADD";0;"";0;"";0
"c43b97f3a7c64f6fb9816f216f20B021";"TARIFF";"REPAIR";"VIEW";"TARIFF_REPAIR_VIEW";0;"";0;"";0
"c43b97f3a7c64f6fb9816f216f20B022";"TARIFF";"REPAIR";"EDIT";"TARIFF_REPAIR_EDIT";0;"";0;"";0
"c43b97f3a7c64f6fb9816f216f20B023";"TARIFF";"REPAIR";"DELETE";"TARIFF_REPAIR_DELETE";0;"";0;"";0
"c43b97f3a7c64f6fb9816f216f20B024";"TARIFF";"REPAIR";"ADD";"TARIFF_REPAIR_ADD";0;"";0;"";0
"c43b97f3a7c64f6fb9816f216f20B025";"TARIFF";"STEAMING";"VIEW";"TARIFF_STEAMING_VIEW";0;"";0;"";0
"c43b97f3a7c64f6fb9816f216f20B026";"TARIFF";"STEAMING";"EDIT";"TARIFF_STEAMING_EDIT";0;"";0;"";0
"c43b97f3a7c64f6fb9816f216f20B027";"TARIFF";"STEAMING";"DELETE";"TARIFF_STEAMING_DELETE";0;"";0;"";0
"c43b97f3a7c64f6fb9816f216f20B028";"TARIFF";"STEAMING";"ADD";"TARIFF_STEAMING_ADD";0;"";0;"";0
"c43b97f3a7c64f6fb9816f216f20B029";"MASTER";"CUSTOMER";"VIEW";"MASTER_CUSTOMER_VIEW";0;"";0;"";0
"c43b97f3a7c64f6fb9816f216f20B030";"MASTER";"CUSTOMER";"EDIT";"MASTER_CUSTOMER_EDIT";0;"";0;"";0
"c43b97f3a7c64f6fb9816f216f20B031";"MASTER";"CUSTOMER";"DELETE";"MASTER_CUSTOMER_DELETE";0;"";0;"";0
"c43b97f3a7c64f6fb9816f216f20B032";"MASTER";"CUSTOMER";"ADD";"MASTER_CUSTOMER_ADD";0;"";0;"";0
"c43b97f3a7c64f6fb9816f216f20B033";"MASTER";"BILLING_BRANCH";"VIEW";"MASTER_BILLING_BRANCH_VIEW";0;"";0;"";0
"c43b97f3a7c64f6fb9816f216f20B034";"MASTER";"BILLING_BRANCH";"EDIT";"MASTER_BILLING_BRANCH_EDIT";0;"";0;"";0
"c43b97f3a7c64f6fb9816f216f20B035";"MASTER";"BILLING_BRANCH";"DELETE";"MASTER_BILLING_BRANCH_DELETE";0;"";0;"";0
"c43b97f3a7c64f6fb9816f216f20B036";"MASTER";"BILLING_BRANCH";"ADD";"MASTER_BILLING_BRANCH_ADD";0;"";0;"";0
"c43b97f3a7c64f6fb9816f216f20B037";"MASTER";"ESTIMATE_TEMPLATE";"VIEW";"MASTER_ESTIMATE_TEMPLATE_VIEW";0;"";0;"";0
"c43b97f3a7c64f6fb9816f216f20B038";"MASTER";"ESTIMATE_TEMPLATE";"EDIT";"MASTER_ESTIMATE_TEMPLATE_EDIT";0;"";0;"";0
"c43b97f3a7c64f6fb9816f216f20B039";"MASTER";"ESTIMATE_TEMPLATE";"DELETE";"MASTER_ESTIMATE_TEMPLATE_DELETE";0;"";0;"";0
"c43b97f3a7c64f6fb9816f216f20B040";"MASTER";"ESTIMATE_TEMPLATE";"ADD";"MASTER_ESTIMATE_TEMPLATE_ADD";0;"";0;"";0
"c43b97f3a7c64f6fb9816f216f20B041";"MASTER";"UNIT_TYPE";"VIEW";"MASTER_UNIT_TYPE_VIEW";0;"";0;"";0
"c43b97f3a7c64f6fb9816f216f20B042";"MASTER";"UNIT_TYPE";"EDIT";"MASTER_UNIT_TYPE_EDIT";0;"";0;"";0
"c43b97f3a7c64f6fb9816f216f20B043";"MASTER";"UNIT_TYPE";"DELETE";"MASTER_UNIT_TYPE_DELETE";0;"";0;"";0
"c43b97f3a7c64f6fb9816f216f20B044";"MASTER";"UNIT_TYPE";"ADD";"MASTER_UNIT_TYPE_ADD";0;"";0;"";0
"c43b97f3a7c64f6fb9816f216f20B045";"CLEANING_MANAGEMENT";"CLEANING_CATEGORY";"VIEW";"CLEANING_MANAGEMENT_CLEANING_CATEGORY_VIEW";0;"";0;"";0
"c43b97f3a7c64f6fb9816f216f20B046";"CLEANING_MANAGEMENT";"CLEANING_CATEGORY";"EDIT";"CLEANING_MANAGEMENT_CLEANING_CATEGORY_EDIT";0;"";0;"";0
"c43b97f3a7c64f6fb9816f216f20B047";"CLEANING_MANAGEMENT";"CLEANING_CATEGORY";"DELETE";"CLEANING_MANAGEMENT_CLEANING_CATEGORY_DELETE";0;"";0;"";0
"c43b97f3a7c64f6fb9816f216f20B048";"CLEANING_MANAGEMENT";"CLEANING_CATEGORY";"ADD";"CLEANING_MANAGEMENT_CLEANING_CATEGORY_ADD";0;"";0;"";0
"c43b97f3a7c64f6fb9816f216f20B049";"CLEANING_MANAGEMENT";"CLEANING_PROCESS";"VIEW";"CLEANING_MANAGEMENT_CLEANING_PROCESS_VIEW";0;"";0;"";0
"c43b97f3a7c64f6fb9816f216f20B050";"CLEANING_MANAGEMENT";"CLEANING_PROCESS";"EDIT";"CLEANING_MANAGEMENT_CLEANING_PROCESS_EDIT";0;"";0;"";0
"c43b97f3a7c64f6fb9816f216f20B051";"CLEANING_MANAGEMENT";"CLEANING_PROCESS";"DELETE";"CLEANING_MANAGEMENT_CLEANING_PROCESS_DELETE";0;"";0;"";0
"c43b97f3a7c64f6fb9816f216f20B052";"CLEANING_MANAGEMENT";"CLEANING_PROCESS";"ADD";"CLEANING_MANAGEMENT_CLEANING_PROCESS_ADD";0;"";0;"";0
"c43b97f3a7c64f6fb9816f216f20B053";"CLEANING_MANAGEMENT";"CLEANING_FORMULA";"VIEW";"CLEANING_MANAGEMENT_CLEANING_FORMULA_VIEW";0;"";0;"";0
"c43b97f3a7c64f6fb9816f216f20B054";"CLEANING_MANAGEMENT";"CLEANING_FORMULA";"EDIT";"CLEANING_MANAGEMENT_CLEANING_FORMULA_EDIT";0;"";0;"";0
"c43b97f3a7c64f6fb9816f216f20B055";"CLEANING_MANAGEMENT";"CLEANING_FORMULA";"DELETE";"CLEANING_MANAGEMENT_CLEANING_FORMULA_DELETE";0;"";0;"";0
"c43b97f3a7c64f6fb9816f216f20B056";"CLEANING_MANAGEMENT";"CLEANING_FORMULA";"ADD";"CLEANING_MANAGEMENT_CLEANING_FORMULA_ADD";0;"";0;"";0
"c43b97f3a7c64f6fb9816f216f20B057";"PACKAGE";"DEPOT_COST";"VIEW";"PACKAGE_DEPOT_COST_VIEW";0;"";0;"";0
"c43b97f3a7c64f6fb9816f216f20B058";"PACKAGE";"DEPOT_COST";"EDIT";"PACKAGE_DEPOT_COST_EDIT";0;"";0;"";0
"c43b97f3a7c64f6fb9816f216f20B059";"PACKAGE";"DEPOT_COST";"DELETE";"PACKAGE_DEPOT_COST_DELETE";0;"";0;"";0
"c43b97f3a7c64f6fb9816f216f20B060";"PACKAGE";"LABOUR_COST";"VIEW";"PACKAGE_LABOUR_COST_VIEW";0;"";0;"";0
"c43b97f3a7c64f6fb9816f216f20B061";"PACKAGE";"LABOUR_COST";"EDIT";"PACKAGE_LABOUR_COST_EDIT";0;"";0;"";0
"c43b97f3a7c64f6fb9816f216f20B062";"PACKAGE";"LABOUR_COST";"DELETE";"PACKAGE_LABOUR_COST_DELETE";0;"";0;"";0
"c43b97f3a7c64f6fb9816f216f20B063";"PACKAGE";"CLEANING";"VIEW";"PACKAGE_CLEANING_VIEW";0;"";0;"";0
"c43b97f3a7c64f6fb9816f216f20B064";"PACKAGE";"CLEANING";"EDIT";"PACKAGE_CLEANING_EDIT";0;"";0;"";0
"c43b97f3a7c64f6fb9816f216f20B065";"PACKAGE";"CLEANING";"DELETE";"PACKAGE_CLEANING_DELETE";0;"";0;"";0
"c43b97f3a7c64f6fb9816f216f20B066";"PACKAGE";"BUFFER_CLEANING";"VIEW";"PACKAGE_BUFFER_CLEANING_VIEW";0;"";0;"";0
"c43b97f3a7c64f6fb9816f216f20B067";"PACKAGE";"BUFFER_CLEANING";"EDIT";"PACKAGE_BUFFER_CLEANING_EDIT";0;"";0;"";0
"c43b97f3a7c64f6fb9816f216f20B068";"PACKAGE";"BUFFER_CLEANING";"DELETE";"PACKAGE_BUFFER_CLEANING_DELETE";0;"";0;"";0
"c43b97f3a7c64f6fb9816f216f20B069";"PACKAGE";"RESIDUE_DISPOSAL";"VIEW";"PACKAGE_RESIDUE_DISPOSAL_VIEW";0;"";0;"";0
"c43b97f3a7c64f6fb9816f216f20B070";"PACKAGE";"RESIDUE_DISPOSAL";"EDIT";"PACKAGE_RESIDUE_DISPOSAL_EDIT";0;"";0;"";0
"c43b97f3a7c64f6fb9816f216f20B071";"PACKAGE";"RESIDUE_DISPOSAL";"DELETE";"PACKAGE_RESIDUE_DISPOSAL_DELETE";0;"";0;"";0
"c43b97f3a7c64f6fb9816f216f20B072";"PACKAGE";"REPAIR";"VIEW";"PACKAGE_REPAIR_VIEW";0;"";0;"";0
"c43b97f3a7c64f6fb9816f216f20B073";"PACKAGE";"REPAIR";"EDIT";"PACKAGE_REPAIR_EDIT";0;"";0;"";0
"c43b97f3a7c64f6fb9816f216f20B074";"PACKAGE";"REPAIR";"DELETE";"PACKAGE_REPAIR_DELETE";0;"";0;"";0
"c43b97f3a7c64f6fb9816f216f20B075";"PACKAGE";"REPAIR";"COST";"PACKAGE_REPAIR_COST";0;"";0;"";0
"c43b97f3a7c64f6fb9816f216f20B076";"PACKAGE";"REPAIR";"HOUR";"PACKAGE_REPAIR_HOUR";0;"";0;"";0
"c43b97f3a7c64f6fb9816f216f20B077";"PACKAGE";"REPAIR";"REMARKS";"PACKAGE_REPAIR_REMARKS";0;"";0;"";0
"c43b97f3a7c64f6fb9816f216f20B078";"PACKAGE";"REPAIR";"COST_PERCENTAGE";"PACKAGE_REPAIR_COST_PERCENTAGE";0;"";0;"";0
"c43b97f3a7c64f6fb9816f216f20B079";"PACKAGE";"REPAIR";"HOUR_PERCENTAGE";"PACKAGE_REPAIR_HOUR_PERCENTAGE";0;"";0;"";0
"c43b97f3a7c64f6fb9816f216f20B080";"PACKAGE";"STEAMING";"VIEW";"PACKAGE_STEAMING_VIEW";0;"";0;"";0
"c43b97f3a7c64f6fb9816f216f20B081";"PACKAGE";"STEAMING";"EDIT";"PACKAGE_STEAMING_EDIT";0;"";0;"";0
"c43b97f3a7c64f6fb9816f216f20B082";"PACKAGE";"STEAMING";"DELETE";"PACKAGE_STEAMING_DELETE";0;"";0;"";0
"c43b97f3a7c64f6fb9816f216f20B083";"PACKAGE";"STEAMING_EXCLUSIVE";"VIEW";"PACKAGE_STEAMING_EXCLUSIVE_VIEW";0;"";0;"";0
"c43b97f3a7c64f6fb9816f216f20B084";"PACKAGE";"STEAMING_EXCLUSIVE";"EDIT";"PACKAGE_STEAMING_EXCLUSIVE_EDIT";0;"";0;"";0
"c43b97f3a7c64f6fb9816f216f20B085";"PACKAGE";"STEAMING_EXCLUSIVE";"DELETE";"PACKAGE_STEAMING_EXCLUSIVE_DELETE";0;"";0;"";0
"c43b97f3a7c64f6fb9816f216f20B086";"INVENTORY";"STORING_ORDER";"VIEW";"INVENTORY_STORING_ORDER_VIEW";0;"";0;"";0
"c43b97f3a7c64f6fb9816f216f20B087";"INVENTORY";"STORING_ORDER";"EDIT";"INVENTORY_STORING_ORDER_EDIT";0;"";0;"";0
"c43b97f3a7c64f6fb9816f216f20B088";"INVENTORY";"STORING_ORDER";"DELETE";"INVENTORY_STORING_ORDER_DELETE";0;"";0;"";0
"c43b97f3a7c64f6fb9816f216f20B089";"INVENTORY";"STORING_ORDER";"ADD";"INVENTORY_STORING_ORDER_ADD";0;"";0;"";0
"c43b97f3a7c64f6fb9816f216f20B090";"INVENTORY";"IN_GATE";"VIEW";"INVENTORY_IN_GATE_VIEW";0;"";0;"";0
"c43b97f3a7c64f6fb9816f216f20B091";"INVENTORY";"IN_GATE";"EDIT";"INVENTORY_IN_GATE_EDIT";0;"";0;"";0
"c43b97f3a7c64f6fb9816f216f20B092";"INVENTORY";"IN_GATE";"DELETE";"INVENTORY_IN_GATE_DELETE";0;"";0;"";0
"c43b97f3a7c64f6fb9816f216f20B093";"INVENTORY";"IN_GATE_SURVEY";"VIEW";"INVENTORY_IN_GATE_SURVEY_VIEW";0;"";0;"";0
"c43b97f3a7c64f6fb9816f216f20B094";"INVENTORY";"IN_GATE_SURVEY";"EDIT";"INVENTORY_IN_GATE_SURVEY_EDIT";0;"";0;"";0
"c43b97f3a7c64f6fb9816f216f20B095";"INVENTORY";"IN_GATE_SURVEY";"DELETE";"INVENTORY_IN_GATE_SURVEY_DELETE";0;"";0;"";0
"c43b97f3a7c64f6fb9816f216f20B096";"INVENTORY";"IN_GATE_SURVEY";"PUBLISH";"INVENTORY_IN_GATE_SURVEY_PUBLISH";0;"";0;"";0
"c43b97f3a7c64f6fb9816f216f20B097";"EXCLUSIVE";"COSTING";"VIEW";"EXCLUSIVE_COSTING_VIEW";0;"";0;"";0
"c43b97f3a7c64f6fb9816f216f20B098";"INVENTORY";"TANK_MOVEMENT";"VIEW";"INVENTORY_TANK_MOVEMENT_VIEW";0;"";0;"";0
"c43b97f3a7c64f6fb9816f216f20B099";"INVENTORY";"TANK_MOVEMENT";"EDIT";"INVENTORY_TANK_MOVEMENT_EDIT";0;"";0;"";0
"c43b97f3a7c64f6fb9816f216f20B100";"INVENTORY";"TANK_MOVEMENT";"TANK_NO";"INVENTORY_TANK_MOVEMENT_TANK_NO";0;"";0;"";0
"c43b97f3a7c64f6fb9816f216f20B101";"INVENTORY";"TANK_MOVEMENT";"CUSTOMER";"INVENTORY_TANK_MOVEMENT_CUSTOMER";0;"";0;"";0
"c43b97f3a7c64f6fb9816f216f20B102";"INVENTORY";"TANK_MOVEMENT";"LAST_CARGO";"INVENTORY_TANK_MOVEMENT_LAST_CARGO";0;"";0;"";0
"c43b97f3a7c64f6fb9816f216f20B103";"INVENTORY";"TANK_MOVEMENT";"OWNER";"INVENTORY_TANK_MOVEMENT_OWNER";0;"";0;"";0
"c43b97f3a7c64f6fb9816f216f20B104";"INVENTORY";"TANK_MOVEMENT";"CLEAN_STATUS";"INVENTORY_TANK_MOVEMENT_CLEAN_STATUS";0;"";0;"";0
"c43b97f3a7c64f6fb9816f216f20B105";"INVENTORY";"TANK_MOVEMENT";"EIR_DATE";"INVENTORY_TANK_MOVEMENT_EIR_DATE";0;"";0;"";0
"c43b97f3a7c64f6fb9816f216f20B106";"INVENTORY";"TANK_MOVEMENT";"LAST_TEST";"INVENTORY_TANK_MOVEMENT_LAST_TEST";0;"";0;"";0
"c43b97f3a7c64f6fb9816f216f20B107";"INVENTORY";"TANK_MOVEMENT";"YARD";"INVENTORY_TANK_MOVEMENT_YARD";0;"";0;"";0
"c43b97f3a7c64f6fb9816f216f20B108";"INVENTORY";"TANK_MOVEMENT";"UNIT_TYPE";"INVENTORY_TANK_MOVEMENT_UNIT_TYPE";0;"";0;"";0
"c43b97f3a7c64f6fb9816f216f20B109";"INVENTORY";"TANK_MOVEMENT";"CLADDING";"INVENTORY_TANK_MOVEMENT_CLADDING";0;"";0;"";0
"c43b97f3a7c64f6fb9816f216f20B110";"INVENTORY";"TANK_MOVEMENT";"TARE_WEIGHT";"INVENTORY_TANK_MOVEMENT_TARE_WEIGHT";0;"";0;"";0
"c43b97f3a7c64f6fb9816f216f20B111";"INVENTORY";"TANK_MOVEMENT";"DISCHARGE_TYPE";"INVENTORY_TANK_MOVEMENT_DISCHARGE_TYPE";0;"";0;"";0
"c43b97f3a7c64f6fb9816f216f20B112";"INVENTORY";"TANK_MOVEMENT";"NOTES";"INVENTORY_TANK_MOVEMENT_NOTES";0;"";0;"";0
"c43b97f3a7c64f6fb9816f216f20B113";"INVENTORY";"TANK_MOVEMENT";"RELEASE_NOTES";"INVENTORY_TANK_MOVEMENT_RELEASE_NOTES";0;"";0;"";0
"c43b97f3a7c64f6fb9816f216f20B114";"INVENTORY";"TANK_MOVEMENT";"MANUFACTURER";"INVENTORY_TANK_MOVEMENT_MANUFACTURER";0;"";0;"";0
"c43b97f3a7c64f6fb9816f216f20B115";"INVENTORY";"TANK_MOVEMENT";"CAPACITY";"INVENTORY_TANK_MOVEMENT_CAPACITY";0;"";0;"";0
"c43b97f3a7c64f6fb9816f216f20B116";"INVENTORY";"TANK_MOVEMENT";"GROSS_WEIGHT";"INVENTORY_TANK_MOVEMENT_GROSS_WEIGHT";0;"";0;"";0
"c43b97f3a7c64f6fb9816f216f20B117";"INVENTORY";"TANK_MOVEMENT";"COMPARTMENT_TYPE";"INVENTORY_TANK_MOVEMENT_COMPARTMENT_TYPE";0;"";0;"";0
"c43b97f3a7c64f6fb9816f216f20B118";"INVENTORY";"TANK_MOVEMENT";"WALKWAY";"INVENTORY_TANK_MOVEMENT_WALKWAY";0;"";0;"";0
"c43b97f3a7c64f6fb9816f216f20B119";"INVENTORY";"TANK_MOVEMENT";"GATE_OVERWRITE";"INVENTORY_TANK_MOVEMENT_GATE_OVERWRITE";0;"";0;"";0
"c43b97f3a7c64f6fb9816f216f20B120";"INVENTORY";"TANK_MOVEMENT";"STORAGE_OVERWRITE";"INVENTORY_TANK_MOVEMENT_STORAGE_OVERWRITE";0;"";0;"";0
"c43b97f3a7c64f6fb9816f216f20B121";"INVENTORY";"TANK_MOVEMENT";"STEAM_ADD";"INVENTORY_TANK_MOVEMENT_STEAM_ADD";0;"";0;"";0
"c43b97f3a7c64f6fb9816f216f20B122";"INVENTORY";"TANK_MOVEMENT";"STEAM_REMOVE";"INVENTORY_TANK_MOVEMENT_STEAM_REMOVE";0;"";0;"";0
"c43b97f3a7c64f6fb9816f216f20B123";"INVENTORY";"TANK_MOVEMENT";"STEAM_REINSTATE";"INVENTORY_TANK_MOVEMENT_STEAM_REINSTATE";0;"";0;"";0
"c43b97f3a7c64f6fb9816f216f20B124";"INVENTORY";"TANK_MOVEMENT";"STEAM_OVERWRITE";"INVENTORY_TANK_MOVEMENT_STEAM_OVERWRITE";0;"";0;"";0
"c43b97f3a7c64f6fb9816f216f20B125";"INVENTORY";"TANK_MOVEMENT";"RESIDUE_ADD";"INVENTORY_TANK_MOVEMENT_RESIDUE_ADD";0;"";0;"";0
"c43b97f3a7c64f6fb9816f216f20B126";"INVENTORY";"TANK_MOVEMENT";"RESIDUE_REMOVE";"INVENTORY_TANK_MOVEMENT_RESIDUE_REMOVE";0;"";0;"";0
"c43b97f3a7c64f6fb9816f216f20B127";"INVENTORY";"TANK_MOVEMENT";"RESIDUE_REINSTATE";"INVENTORY_TANK_MOVEMENT_RESIDUE_REINSTATE";0;"";0;"";0
"c43b97f3a7c64f6fb9816f216f20B128";"INVENTORY";"TANK_MOVEMENT";"RESIDUE_OVERWRITE";"INVENTORY_TANK_MOVEMENT_RESIDUE_OVERWRITE";0;"";0;"";0
"c43b97f3a7c64f6fb9816f216f20B129";"INVENTORY";"TANK_MOVEMENT";"CLEANING_ADD";"INVENTORY_TANK_MOVEMENT_CLEANING_ADD";0;"";0;"";0
"c43b97f3a7c64f6fb9816f216f20B130";"INVENTORY";"TANK_MOVEMENT";"CLEANING_REMOVE";"INVENTORY_TANK_MOVEMENT_CLEANING_REMOVE";0;"";0;"";0
"c43b97f3a7c64f6fb9816f216f20B131";"INVENTORY";"TANK_MOVEMENT";"CLEANING_REINSTATE";"INVENTORY_TANK_MOVEMENT_CLEANING_REINSTATE";0;"";0;"";0
"c43b97f3a7c64f6fb9816f216f20B132";"INVENTORY";"TANK_MOVEMENT";"CLEANING_OVERWRITE";"INVENTORY_TANK_MOVEMENT_CLEANING_OVERWRITE";0;"";0;"";0
"c43b97f3a7c64f6fb9816f216f20B133";"INVENTORY";"TANK_MOVEMENT";"REPAIR_ADD";"INVENTORY_TANK_MOVEMENT_REPAIR_ADD";0;"";0;"";0
"c43b97f3a7c64f6fb9816f216f20B134";"INVENTORY";"TANK_MOVEMENT";"REPAIR_REMOVE";"INVENTORY_TANK_MOVEMENT_REPAIR_REMOVE";0;"";0;"";0
"c43b97f3a7c64f6fb9816f216f20B135";"INVENTORY";"TANK_MOVEMENT";"REPAIR_REINSTATE";"INVENTORY_TANK_MOVEMENT_REPAIR_REINSTATE";0;"";0;"";0
"c43b97f3a7c64f6fb9816f216f20B136";"INVENTORY";"TANK_MOVEMENT";"REPAIR_OVERWRITE";"INVENTORY_TANK_MOVEMENT_REPAIR_OVERWRITE";0;"";0;"";0
"c43b97f3a7c64f6fb9816f216f20B137";"INVENTORY";"TANK_MOVEMENT";"DEPOT_JOB_OVERWRITE";"INVENTORY_TANK_MOVEMENT_DEPOT_JOB_OVERWRITE";0;"";0;"";0
"c43b97f3a7c64f6fb9816f216f20B138";"INVENTORY";"TANK_MOVEMENT";"DEPOT_COST_OVERWRITE";"INVENTORY_TANK_MOVEMENT_DEPOT_COST_OVERWRITE";0;"";0;"";0
"c43b97f3a7c64f6fb9816f216f20B139";"INVENTORY";"TANK_MOVEMENT";"BOOKING";"INVENTORY_TANK_MOVEMENT_BOOKING";0;"";0;"";0
"c43b97f3a7c64f6fb9816f216f20B140";"INVENTORY";"TANK_MOVEMENT";"SCHEDULING";"INVENTORY_TANK_MOVEMENT_SCHEDULING";0;"";0;"";0
"c43b97f3a7c64f6fb9816f216f20B141";"INVENTORY";"TANK_MOVEMENT";"SURVEY";"INVENTORY_TANK_MOVEMENT_SURVEY";0;"";0;"";0
"c43b97f3a7c64f6fb9816f216f20B142";"INVENTORY";"TANK_MOVEMENT";"TRANSFER";"INVENTORY_TANK_MOVEMENT_TRANSFER";0;"";0;"";0
"c43b97f3a7c64f6fb9816f216f20B143";"EXCLUSIVE";"OVERWRITE";"VIEW";"EXCLUSIVE_OVERWRITE_VIEW";0;"";0;"";0
"c43b97f3a7c64f6fb9816f216f20B144";"EXCLUSIVE";"OVERWRITE";"EDIT";"EXCLUSIVE_OVERWRITE_EDIT";0;"";0;"";0
"c43b97f3a7c64f6fb9816f216f20B145";"INVENTORY";"BOOKING";"VIEW";"INVENTORY_BOOKING_VIEW";0;"";0;"";0
"c43b97f3a7c64f6fb9816f216f20B146";"INVENTORY";"BOOKING";"EDIT";"INVENTORY_BOOKING_EDIT";0;"";0;"";0
"c43b97f3a7c64f6fb9816f216f20B147";"INVENTORY";"BOOKING";"DELETE";"INVENTORY_BOOKING_DELETE";0;"";0;"";0
"c43b97f3a7c64f6fb9816f216f20B148";"INVENTORY";"BOOKING";"ADD";"INVENTORY_BOOKING_ADD";0;"";0;"";0
"c43b97f3a7c64f6fb9816f216f20B149";"INVENTORY";"SCHEDULING";"VIEW";"INVENTORY_SCHEDULING_VIEW";0;"";0;"";0
"c43b97f3a7c64f6fb9816f216f20B150";"INVENTORY";"SCHEDULING";"EDIT";"INVENTORY_SCHEDULING_EDIT";0;"";0;"";0
"c43b97f3a7c64f6fb9816f216f20B151";"INVENTORY";"SCHEDULING";"DELETE";"INVENTORY_SCHEDULING_DELETE";0;"";0;"";0
"c43b97f3a7c64f6fb9816f216f20B152";"INVENTORY";"SCHEDULING";"ADD";"INVENTORY_SCHEDULING_ADD";0;"";0;"";0
"c43b97f3a7c64f6fb9816f216f20B153";"INVENTORY";"RELEASE_ORDER";"VIEW";"INVENTORY_RELEASE_ORDER_VIEW";0;"";0;"";0
"c43b97f3a7c64f6fb9816f216f20B154";"INVENTORY";"RELEASE_ORDER";"EDIT";"INVENTORY_RELEASE_ORDER_EDIT";0;"";0;"";0
"c43b97f3a7c64f6fb9816f216f20B155";"INVENTORY";"RELEASE_ORDER";"DELETE";"INVENTORY_RELEASE_ORDER_DELETE";0;"";0;"";0
"c43b97f3a7c64f6fb9816f216f20B156";"INVENTORY";"RELEASE_ORDER";"ADD";"INVENTORY_RELEASE_ORDER_ADD";0;"";0;"";0
"c43b97f3a7c64f6fb9816f216f20B157";"INVENTORY";"OUT_GATE";"VIEW";"INVENTORY_OUT_GATE_VIEW";0;"";0;"";0
"c43b97f3a7c64f6fb9816f216f20B158";"INVENTORY";"OUT_GATE";"EDIT";"INVENTORY_OUT_GATE_EDIT";0;"";0;"";0
"c43b97f3a7c64f6fb9816f216f20B159";"INVENTORY";"OUT_GATE";"DELETE";"INVENTORY_OUT_GATE_DELETE";0;"";0;"";0
"c43b97f3a7c64f6fb9816f216f20B160";"INVENTORY";"OUT_GATE_SURVEY";"VIEW";"INVENTORY_OUT_GATE_SURVEY_VIEW";0;"";0;"";0
"c43b97f3a7c64f6fb9816f216f20B161";"INVENTORY";"OUT_GATE_SURVEY";"EDIT";"INVENTORY_OUT_GATE_SURVEY_EDIT";0;"";0;"";0
"c43b97f3a7c64f6fb9816f216f20B162";"INVENTORY";"OUT_GATE_SURVEY";"DELETE";"INVENTORY_OUT_GATE_SURVEY_DELETE";0;"";0;"";0
"c43b97f3a7c64f6fb9816f216f20B163";"INVENTORY";"OUT_GATE_SURVEY";"PUBLISH";"INVENTORY_OUT_GATE_SURVEY_PUBLISH";0;"";0;"";0
"c43b97f3a7c64f6fb9816f216f20B164";"INVENTORY";"TRANSFER";"VIEW";"INVENTORY_TRANSFER_VIEW";0;"";0;"";0
"c43b97f3a7c64f6fb9816f216f20B165";"INVENTORY";"TRANSFER";"EDIT";"INVENTORY_TRANSFER_EDIT";0;"";0;"";0
"c43b97f3a7c64f6fb9816f216f20B166";"INVENTORY";"TRANSFER";"DELETE";"INVENTORY_TRANSFER_DELETE";0;"";0;"";0
"c43b97f3a7c64f6fb9816f216f20B167";"INVENTORY";"TRANSFER";"ADD";"INVENTORY_TRANSFER_ADD";0;"";0;"";0
"c43b97f3a7c64f6fb9816f216f20B168";"EXCLUSIVE";"YARD";"VIEW";"EXCLUSIVE_YARD_VIEW";0;"";0;"";0
"c43b97f3a7c64f6fb9816f216f20B169";"EXCLUSIVE";"YARD";"EDIT";"EXCLUSIVE_YARD_EDIT";0;"";0;"";0
"c43b97f3a7c64f6fb9816f216f20B170";"STEAMING";"ESTIMATE_APPROVAL";"VIEW";"STEAMING_ESTIMATE_APPROVAL_VIEW";0;"";0;"";0
"c43b97f3a7c64f6fb9816f216f20B171";"STEAMING";"ESTIMATE_APPROVAL";"EDIT";"STEAMING_ESTIMATE_APPROVAL_EDIT";0;"";0;"";0
"c43b97f3a7c64f6fb9816f216f20B172";"STEAMING";"ESTIMATE_APPROVAL";"DELETE";"STEAMING_ESTIMATE_APPROVAL_DELETE";0;"";0;"";0
"c43b97f3a7c64f6fb9816f216f20B173";"STEAMING";"ESTIMATE_APPROVAL";"ADD";"STEAMING_ESTIMATE_APPROVAL_ADD";0;"";0;"";0
"c43b97f3a7c64f6fb9816f216f20B174";"STEAMING";"JOB_ALLOCATION";"VIEW";"STEAMING_JOB_ALLOCATION_VIEW";0;"";0;"";0
"c43b97f3a7c64f6fb9816f216f20B175";"STEAMING";"JOB_ALLOCATION";"EDIT";"STEAMING_JOB_ALLOCATION_EDIT";0;"";0;"";0
"c43b97f3a7c64f6fb9816f216f20B176";"STEAMING";"JOB_ALLOCATION";"DELETE";"STEAMING_JOB_ALLOCATION_DELETE";0;"";0;"";0
"c43b97f3a7c64f6fb9816f216f20B177";"STEAMING";"JOBS";"VIEW";"STEAMING_JOBS_VIEW";0;"";0;"";0
"c43b97f3a7c64f6fb9816f216f20B178";"STEAMING";"JOBS";"EDIT";"STEAMING_JOBS_EDIT";0;"";0;"";0
"c43b97f3a7c64f6fb9816f216f20B179";"STEAMING";"JOBS";"DELETE";"STEAMING_JOBS_DELETE";0;"";0;"";0
"c43b97f3a7c64f6fb9816f216f20B180";"STEAMING";"BAY_OVERVIEW";"VIEW";"STEAMING_BAY_OVERVIEW_VIEW";0;"";0;"";0
"c43b97f3a7c64f6fb9816f216f20B181";"STEAMING";"BAY_OVERVIEW";"EDIT";"STEAMING_BAY_OVERVIEW_EDIT";0;"";0;"";0
"c43b97f3a7c64f6fb9816f216f20B182";"STEAMING";"BAY_OVERVIEW";"DELETE";"STEAMING_BAY_OVERVIEW_DELETE";0;"";0;"";0
"c43b97f3a7c64f6fb9816f216f20B183";"CLEANING";"APPROVAL";"VIEW";"CLEANING_APPROVAL_VIEW";0;"";0;"";0
"c43b97f3a7c64f6fb9816f216f20B184";"CLEANING";"APPROVAL";"EDIT";"CLEANING_APPROVAL_EDIT";0;"";0;"";0
"c43b97f3a7c64f6fb9816f216f20B185";"CLEANING";"APPROVAL";"DELETE";"CLEANING_APPROVAL_DELETE";0;"";0;"";0
"c43b97f3a7c64f6fb9816f216f20B186";"CLEANING";"JOB_ALLOCATION";"VIEW";"CLEANING_JOB_ALLOCATION_VIEW";0;"";0;"";0
"c43b97f3a7c64f6fb9816f216f20B187";"CLEANING";"JOB_ALLOCATION";"EDIT";"CLEANING_JOB_ALLOCATION_EDIT";0;"";0;"";0
"c43b97f3a7c64f6fb9816f216f20B188";"CLEANING";"JOB_ALLOCATION";"DELETE";"CLEANING_JOB_ALLOCATION_DELETE";0;"";0;"";0
"c43b97f3a7c64f6fb9816f216f20B189";"CLEANING";"BAY_OVERVIEW";"VIEW";"CLEANING_BAY_OVERVIEW_VIEW";0;"";0;"";0
"c43b97f3a7c64f6fb9816f216f20B190";"CLEANING";"BAY_OVERVIEW";"EDIT";"CLEANING_BAY_OVERVIEW_EDIT";0;"";0;"";0
"c43b97f3a7c64f6fb9816f216f20B191";"CLEANING";"BAY_OVERVIEW";"DELETE";"CLEANING_BAY_OVERVIEW_DELETE";0;"";0;"";0
"c43b97f3a7c64f6fb9816f216f20B192";"RESIDUE_DISPOSAL";"ESTIMATE_APPROVAL";"VIEW";"RESIDUE_DISPOSAL_ESTIMATE_APPROVAL_VIEW";0;"";0;"";0
"c43b97f3a7c64f6fb9816f216f20B193";"RESIDUE_DISPOSAL";"ESTIMATE_APPROVAL";"EDIT";"RESIDUE_DISPOSAL_ESTIMATE_APPROVAL_EDIT";0;"";0;"";0
"c43b97f3a7c64f6fb9816f216f20B194";"RESIDUE_DISPOSAL";"ESTIMATE_APPROVAL";"DELETE";"RESIDUE_DISPOSAL_ESTIMATE_APPROVAL_DELETE";0;"";0;"";0
"c43b97f3a7c64f6fb9816f216f20B195";"RESIDUE_DISPOSAL";"ESTIMATE_APPROVAL";"ADD";"RESIDUE_DISPOSAL_ESTIMATE_APPROVAL_ADD";0;"";0;"";0
"c43b97f3a7c64f6fb9816f216f20B196";"EXCLUSIVE";"EXPORT";"VIEW";"EXCLUSIVE_EXPORT_VIEW";0;"";0;"";0
"c43b97f3a7c64f6fb9816f216f20B197";"RESIDUE_DISPOSAL";"JOB_ALLOCATION";"VIEW";"RESIDUE_DISPOSAL_JOB_ALLOCATION_VIEW";0;"";0;"";0
"c43b97f3a7c64f6fb9816f216f20B198";"RESIDUE_DISPOSAL";"JOB_ALLOCATION";"EDIT";"RESIDUE_DISPOSAL_JOB_ALLOCATION_EDIT";0;"";0;"";0
"c43b97f3a7c64f6fb9816f216f20B199";"RESIDUE_DISPOSAL";"JOB_ALLOCATION";"DELETE";"RESIDUE_DISPOSAL_JOB_ALLOCATION_DELETE";0;"";0;"";0
"c43b97f3a7c64f6fb9816f216f20B200";"RESIDUE_DISPOSAL";"JOBS";"VIEW";"RESIDUE_DISPOSAL_JOBS_VIEW";0;"";0;"";0
"c43b97f3a7c64f6fb9816f216f20B201";"RESIDUE_DISPOSAL";"JOBS";"EDIT";"RESIDUE_DISPOSAL_JOBS_EDIT";0;"";0;"";0
"c43b97f3a7c64f6fb9816f216f20B202";"RESIDUE_DISPOSAL";"JOBS";"DELETE";"RESIDUE_DISPOSAL_JOBS_DELETE";0;"";0;"";0
"c43b97f3a7c64f6fb9816f216f20B203";"REPAIR";"REPAIR_ESTIMATE";"VIEW";"REPAIR_REPAIR_ESTIMATE_VIEW";0;"";0;"";0
"c43b97f3a7c64f6fb9816f216f20B204";"REPAIR";"REPAIR_ESTIMATE";"EDIT";"REPAIR_REPAIR_ESTIMATE_EDIT";0;"";0;"";0
"c43b97f3a7c64f6fb9816f216f20B205";"REPAIR";"REPAIR_ESTIMATE";"DELETE";"REPAIR_REPAIR_ESTIMATE_DELETE";0;"";0;"";0
"c43b97f3a7c64f6fb9816f216f20B206";"REPAIR";"REPAIR_ESTIMATE";"ADD";"REPAIR_REPAIR_ESTIMATE_ADD";0;"";0;"";0
"c43b97f3a7c64f6fb9816f216f20B207";"REPAIR";"ESTIMATE_APPROVAL";"VIEW";"REPAIR_ESTIMATE_APPROVAL_VIEW";0;"";0;"";0
"c43b97f3a7c64f6fb9816f216f20B208";"REPAIR";"ESTIMATE_APPROVAL";"EDIT";"REPAIR_ESTIMATE_APPROVAL_EDIT";0;"";0;"";0
"c43b97f3a7c64f6fb9816f216f20B209";"REPAIR";"ESTIMATE_APPROVAL";"DELETE";"REPAIR_ESTIMATE_APPROVAL_DELETE";0;"";0;"";0
"c43b97f3a7c64f6fb9816f216f20B210";"REPAIR";"JOB_ALLOCATION";"VIEW";"REPAIR_JOB_ALLOCATION_VIEW";0;"";0;"";0
"c43b97f3a7c64f6fb9816f216f20B211";"REPAIR";"JOB_ALLOCATION";"EDIT";"REPAIR_JOB_ALLOCATION_EDIT";0;"";0;"";0
"c43b97f3a7c64f6fb9816f216f20B212";"REPAIR";"JOB_ALLOCATION";"DELETE";"REPAIR_JOB_ALLOCATION_DELETE";0;"";0;"";0
"c43b97f3a7c64f6fb9816f216f20B213";"REPAIR";"JOBS";"VIEW";"REPAIR_JOBS_VIEW";0;"";0;"";0
"c43b97f3a7c64f6fb9816f216f20B214";"REPAIR";"JOBS";"EDIT";"REPAIR_JOBS_EDIT";0;"";0;"";0
"c43b97f3a7c64f6fb9816f216f20B215";"REPAIR";"JOBS";"DELETE";"REPAIR_JOBS_DELETE";0;"";0;"";0
"c43b97f3a7c64f6fb9816f216f20B216";"REPAIR";"QC";"VIEW";"REPAIR_QC_VIEW";0;"";0;"";0
"c43b97f3a7c64f6fb9816f216f20B217";"REPAIR";"QC";"EDIT";"REPAIR_QC_EDIT";0;"";0;"";0
"c43b97f3a7c64f6fb9816f216f20B218";"REPAIR";"QC";"DELETE";"REPAIR_QC_DELETE";0;"";0;"";0
"c43b97f3a7c64f6fb9816f216f20B219";"MANAGEMENT";"INVENTORY_REPORT";"VIEW";"MANAGEMENT_INVENTORY_REPORT_VIEW";0;"";0;"";0
"c43b97f3a7c64f6fb9816f216f20B220";"MANAGEMENT";"REVENUE_REPORT";"VIEW";"MANAGEMENT_REVENUE_REPORT_VIEW";0;"";0;"";0
"c43b97f3a7c64f6fb9816f216f20B221";"MANAGEMENT";"MAN_HOUR";"VIEW";"MANAGEMENT_MAN_HOUR_VIEW";0;"";0;"";0
"c43b97f3a7c64f6fb9816f216f20B222";"SURVEY";"PERIODIC_TEST_SURVEY";"VIEW";"SURVEY_PERIODIC_TEST_SURVEY_VIEW";0;"";0;"";0
"c43b97f3a7c64f6fb9816f216f20B223";"SURVEY";"PERIODIC_TEST_SURVEY";"EDIT";"SURVEY_PERIODIC_TEST_SURVEY_EDIT";0;"";0;"";0
"c43b97f3a7c64f6fb9816f216f20B224";"SURVEY";"PERIODIC_TEST_SURVEY";"DELETE";"SURVEY_PERIODIC_TEST_SURVEY_DELETE";0;"";0;"";0
"c43b97f3a7c64f6fb9816f216f20B225";"SURVEY";"OTHERS_SURVEY";"VIEW";"SURVEY_OTHERS_SURVEY_VIEW";0;"";0;"";0
"c43b97f3a7c64f6fb9816f216f20B226";"SURVEY";"OTHERS_SURVEY";"EDIT";"SURVEY_OTHERS_SURVEY_EDIT";0;"";0;"";0
"c43b97f3a7c64f6fb9816f216f20B227";"SURVEY";"OTHERS_SURVEY";"DELETE";"SURVEY_OTHERS_SURVEY_DELETE";0;"";0;"";0
"c43b97f3a7c64f6fb9816f216f20B228";"BILLING";"IN_GATE_OUT_GATE";"VIEW";"BILLING_IN_GATE_OUT_GATE_VIEW";0;"";0;"";0
"c43b97f3a7c64f6fb9816f216f20B229";"BILLING";"IN_GATE_OUT_GATE";"EDIT";"BILLING_IN_GATE_OUT_GATE_EDIT";0;"";0;"";0
"c43b97f3a7c64f6fb9816f216f20B230";"BILLING";"IN_GATE_OUT_GATE";"DELETE";"BILLING_IN_GATE_OUT_GATE_DELETE";0;"";0;"";0
"c43b97f3a7c64f6fb9816f216f20B231";"BILLING";"PRE_INSPECTION";"VIEW";"BILLING_PRE_INSPECTION_VIEW";0;"";0;"";0
"c43b97f3a7c64f6fb9816f216f20B232";"BILLING";"PRE_INSPECTION";"EDIT";"BILLING_PRE_INSPECTION_EDIT";0;"";0;"";0
"c43b97f3a7c64f6fb9816f216f20B233";"BILLING";"PRE_INSPECTION";"DELETE";"BILLING_PRE_INSPECTION_DELETE";0;"";0;"";0
"c43b97f3a7c64f6fb9816f216f20B234";"BILLING";"LOLO";"VIEW";"BILLING_LOLO_VIEW";0;"";0;"";0
"c43b97f3a7c64f6fb9816f216f20B235";"BILLING";"LOLO";"EDIT";"BILLING_LOLO_EDIT";0;"";0;"";0
"c43b97f3a7c64f6fb9816f216f20B236";"BILLING";"LOLO";"DELETE";"BILLING_LOLO_DELETE";0;"";0;"";0
"c43b97f3a7c64f6fb9816f216f20B237";"BILLING";"STORAGE";"VIEW";"BILLING_STORAGE_VIEW";0;"";0;"";0
"c43b97f3a7c64f6fb9816f216f20B238";"BILLING";"STORAGE";"EDIT";"BILLING_STORAGE_EDIT";0;"";0;"";0
"c43b97f3a7c64f6fb9816f216f20B239";"BILLING";"STORAGE";"DELETE";"BILLING_STORAGE_DELETE";0;"";0;"";0
"c43b97f3a7c64f6fb9816f216f20B240";"BILLING";"CLEANING_BILL";"VIEW";"BILLING_CLEANING_BILL_VIEW";0;"";0;"";0
"c43b97f3a7c64f6fb9816f216f20B241";"BILLING";"CLEANING_BILL";"EDIT";"BILLING_CLEANING_BILL_EDIT";0;"";0;"";0
"c43b97f3a7c64f6fb9816f216f20B242";"BILLING";"CLEANING_BILL";"DELETE";"BILLING_CLEANING_BILL_DELETE";0;"";0;"";0
"c43b97f3a7c64f6fb9816f216f20B243";"BILLING";"STEAM_BILL";"VIEW";"BILLING_STEAM_BILL_VIEW";0;"";0;"";0
"c43b97f3a7c64f6fb9816f216f20B244";"BILLING";"STEAM_BILL";"EDIT";"BILLING_STEAM_BILL_EDIT";0;"";0;"";0
"c43b97f3a7c64f6fb9816f216f20B245";"BILLING";"STEAM_BILL";"DELETE";"BILLING_STEAM_BILL_DELETE";0;"";0;"";0
"c43b97f3a7c64f6fb9816f216f20B246";"BILLING";"RESIDUE_DISPOSAL_BILL";"VIEW";"BILLING_RESIDUE_DISPOSAL_BILL_VIEW";0;"";0;"";0
"c43b97f3a7c64f6fb9816f216f20B247";"BILLING";"RESIDUE_DISPOSAL_BILL";"EDIT";"BILLING_RESIDUE_DISPOSAL_BILL_EDIT";0;"";0;"";0
"c43b97f3a7c64f6fb9816f216f20B248";"BILLING";"RESIDUE_DISPOSAL_BILL";"DELETE";"BILLING_RESIDUE_DISPOSAL_BILL_DELETE";0;"";0;"";0
"c43b97f3a7c64f6fb9816f216f20B249";"BILLING";"REPAIR";"VIEW";"BILLING_REPAIR_VIEW";0;"";0;"";0
"c43b97f3a7c64f6fb9816f216f20B250";"BILLING";"REPAIR";"EDIT";"BILLING_REPAIR_EDIT";0;"";0;"";0
"c43b97f3a7c64f6fb9816f216f20B251";"BILLING";"REPAIR";"DELETE";"BILLING_REPAIR_DELETE";0;"";0;"";0
"c43b97f3a7c64f6fb9816f216f20B252";"BILLING";"INVOICE_SUMMARY";"VIEW";"BILLING_INVOICE_SUMMARY_VIEW";0;"";0;"";0
"c43b97f3a7c64f6fb9816f216f20B253";"BILLING";"INVOICE_SUMMARY";"EDIT";"BILLING_INVOICE_SUMMARY_EDIT";0;"";0;"";0
"c43b97f3a7c64f6fb9816f216f20B254";"BILLING";"INVOICE_SUMMARY";"DELETE";"BILLING_INVOICE_SUMMARY_DELETE";0;"";0;"";0
"c43b97f3a7c64f6fb9816f216f20B255";"BILLING";"PENDING_INVOICES";"VIEW";"BILLING_PENDING_INVOICES_VIEW";0;"";0;"";0
"c43b97f3a7c64f6fb9816f216f20B256";"REPORTS";"CUSTOMER_REPORT";"VIEW";"REPORTS_CUSTOMER_REPORT_VIEW";0;"";0;"";0
"c43b97f3a7c64f6fb9816f216f20B257";"REPORTS";"YARD_REPORT";"VIEW";"REPORTS_YARD_REPORT_VIEW";0;"";0;"";0
"c43b97f3a7c64f6fb9816f216f20B258";"REPORTS";"LOCATION_STATUS";"VIEW";"REPORTS_LOCATION_STATUS_VIEW";0;"";0;"";0
"c43b97f3a7c64f6fb9816f216f20B259";"REPORTS";"YARD_STATUS";"VIEW";"REPORTS_YARD_STATUS_VIEW";0;"";0;"";0
"c43b97f3a7c64f6fb9816f216f20B260";"REPORTS";"DAILY_INVENTORY";"VIEW";"REPORTS_DAILY_INVENTORY_VIEW";0;"";0;"";0
"c43b97f3a7c64f6fb9816f216f20B261";"REPORTS";"CLEANING_INVENTORY";"VIEW";"REPORTS_CLEANING_INVENTORY_VIEW";0;"";0;"";0
"c43b97f3a7c64f6fb9816f216f20B262";"REPORTS";"PENDING_ESTIMATE";"VIEW";"REPORTS_PENDING_ESTIMATE_VIEW";0;"";0;"";0
"c43b97f3a7c64f6fb9816f216f20B263";"REPORTS";"LOCATION_TRANSFER";"VIEW";"REPORTS_LOCATION_TRANSFER_VIEW";0;"";0;"";0
"c43b97f3a7c64f6fb9816f216f20B264";"REPORTS";"TANK_SURVEY";"VIEW";"REPORTS_TANK_SURVEY_VIEW";0;"";0;"";0
"c43b97f3a7c64f6fb9816f216f20B265";"REPORTS";"PERIODIC_TEST_DUE";"VIEW";"REPORTS_PERIODIC_TEST_DUE_VIEW";0;"";0;"";0
"c43b97f3a7c64f6fb9816f216f20B266";"ADMIN_REPORTS";"STEAM_REPORT";"VIEW";"ADMIN_REPORTS_STEAM_REPORT_VIEW";0;"";0;"";0
"c43b97f3a7c64f6fb9816f216f20B267";"ADMIN_REPORTS";"RESIDUE_DISPOSAL_REPORT";"VIEW";"ADMIN_REPORTS_RESIDUE_DISPOSAL_REPORT_VIEW";0;"";0;"";0
"c43b97f3a7c64f6fb9816f216f20B268";"ADMIN_REPORTS";"REPAIR_REPORT";"VIEW";"ADMIN_REPORTS_REPAIR_REPORT_VIEW";0;"";0;"";0
"c43b97f3a7c64f6fb9816f216f20B269";"ADMIN_REPORTS";"CLEANING_REPORT";"VIEW";"ADMIN_REPORTS_CLEANING_REPORT_VIEW";0;"";0;"";0
"c43b97f3a7c64f6fb9816f216f20B270";"ADMIN_REPORTS";"CUSTOMER_REPORT";"VIEW";"ADMIN_REPORTS_CUSTOMER_REPORT_VIEW";0;"";0;"";0
"c43b97f3a7c64f6fb9816f216f20B271";"ADMIN_REPORTS";"MONTHLY_SALES_REPORT";"VIEW";"ADMIN_REPORTS_MONTHLY_SALES_REPORT_VIEW";0;"";0;"";0
"c43b97f3a7c64f6fb9816f216f20B272";"ADMIN_REPORTS";"YEARLY_SALES_REPORT";"VIEW";"ADMIN_REPORTS_YEARLY_SALES_REPORT_VIEW";0;"";0;"";0
"c43b97f3a7c64f6fb9816f216f20B273";"ADMIN_REPORTS";"DAILY_TEAM_REPORTS";"VIEW";"ADMIN_REPORTS_DAILY_TEAM_REPORTS_VIEW";0;"";0;"";0
"c43b97f3a7c64f6fb9816f216f20B274";"ADMIN_REPORTS";"CLEANER";"VIEW";"ADMIN_REPORTS_CLEANER_VIEW";0;"";0;"";0
"c43b97f3a7c64f6fb9816f216f20B275";"ADMIN_REPORTS";"STEAM";"VIEW";"ADMIN_REPORTS_STEAM_VIEW";0;"";0;"";0
"c43b97f3a7c64f6fb9816f216f20B276";"ADMIN_REPORTS";"SURVEYOR";"VIEW";"ADMIN_REPORTS_SURVEYOR_VIEW";0;"";0;"";0
"c43b97f3a7c64f6fb9816f216f20B277";"ADMIN_REPORTS";"ZERO_APPROVAL_COST_REPORT";"VIEW";"ADMIN_REPORTS_ZERO_APPROVAL_COST_REPORT_VIEW";0;"";0;"";0
"c43b97f3a7c64f6fb9816f216f20B278";"EXCLUSIVE";"DASHBOARD";"VIEW";"EXCLUSIVE_DASHBOARD_VIEW";0;"";0;"";0
"c43b97f3a7c64f6fb9816f216f20B279";"DASHBOARD";"MONTHLY_NON_INV_TANK";"VIEW";"DASHBOARD_MONTHLY_NON_INV_TANK_VIEW";0;"";0;"";0
"c43b97f3a7c64f6fb9816f216f20B280";"DASHBOARD";"MONTHLY_NON_INV_ESTIMATE";"VIEW";"DASHBOARD_MONTHLY_NON_INV_ESTIMATE_VIEW";0;"";0;"";0
"c43b97f3a7c64f6fb9816f216f20B281";"DASHBOARD";"PENDING_GATE_IN";"VIEW";"DASHBOARD_PENDING_GATE_IN_VIEW";0;"";0;"";0
"c43b97f3a7c64f6fb9816f216f20B282";"DASHBOARD";"PENDING_CLEANING";"VIEW";"DASHBOARD_PENDING_CLEANING_VIEW";0;"";0;"";0
"c43b97f3a7c64f6fb9816f216f20B283";"DASHBOARD";"PENDING_RESIDUE";"VIEW";"DASHBOARD_PENDING_RESIDUE_VIEW";0;"";0;"";0
"c43b97f3a7c64f6fb9816f216f20B284";"DASHBOARD";"PENDING_STEAMING";"VIEW";"DASHBOARD_PENDING_STEAMING_VIEW";0;"";0;"";0
"c43b97f3a7c64f6fb9816f216f20B285";"DASHBOARD";"PENDING_ESTIMATE";"VIEW";"DASHBOARD_PENDING_ESTIMATE_VIEW";0;"";0;"";0
"c43b97f3a7c64f6fb9816f216f20B286";"DASHBOARD";"PENDING_APPROVAL";"VIEW";"DASHBOARD_PENDING_APPROVAL_VIEW";0;"";0;"";0
"c43b97f3a7c64f6fb9816f216f20B287";"DASHBOARD";"PENDING_REPAIR_COMPLETE";"VIEW";"DASHBOARD_PENDING_REPAIR_COMPLETE_VIEW";0;"";0;"";0
"c43b97f3a7c64f6fb9816f216f20B288";"DASHBOARD";"DAILY_GATE_IN";"VIEW";"DASHBOARD_DAILY_GATE_IN_VIEW";0;"";0;"";0
"c43b97f3a7c64f6fb9816f216f20B289";"DASHBOARD";"DAILY_GATE_OUT";"VIEW";"DASHBOARD_DAILY_GATE_OUT_VIEW";0;"";0;"";0
"c43b97f3a7c64f6fb9816f216f20B290";"DASHBOARD";"MONTHLY_REVENUE";"VIEW";"DASHBOARD_MONTHLY_REVENUE_VIEW";0;"";0;"";0
"c43b97f3a7c64f6fb9816f216f20B291";"DASHBOARD";"MONTHLY_SALES";"VIEW";"DASHBOARD_MONTHLY_SALES_VIEW";0;"";0;"";0
"c43b97f3a7c64f6fb9816f216f20B292";"DASHBOARD";"IN_YARD";"VIEW";"DASHBOARD_IN_YARD_VIEW";0;"";0;"";0
"c43b97f3a7c64f6fb9816f216f20B293";"DASHBOARD";"QUARTERLY_REVENUE";"VIEW";"DASHBOARD_QUARTERLY_REVENUE_VIEW";0;"";0;"";0
"c43b97f3a7c64f6fb9816f216f20B294";"DASHBOARD";"QUARTERLY_SALES";"VIEW";"DASHBOARD_QUARTERLY_SALES_VIEW";0;"";0;"";0
"c43b97f3a7c64f6fb9816f216f20B295";"DASHBOARD";"TRIENNIAL_REVENUE";"VIEW";"DASHBOARD_TRIENNIAL_REVENUE_VIEW";0;"";0;"";0
"c43b97f3a7c64f6fb9816f216f20B296";"DASHBOARD";"TRIENNIAL_SALES";"VIEW";"DASHBOARD_TRIENNIAL_SALES_VIEW";0;"";0;"";0
"c43b97f3a7c64f6fb9816f216f20B297";"DASHBOARD";"KIV_CLEANING";"VIEW";"DASHBOARD_KIV_CLEANING_VIEW";0;"";0;"";0
"c43b97f3a7c64f6fb9816f216f20B298";"DASHBOARD";"YET_TO_COMPLETE_STEAMING";"VIEW";"DASHBOARD_YET_TO_COMPLETE_STEAMING_VIEW";0;"";0;"";0
"c43b97f3a7c64f6fb9816f216f20B299";"DASHBOARD";"YET_TO_COMPLETE_REPAIR";"VIEW";"DASHBOARD_YET_TO_COMPLETE_REPAIR_VIEW";0;"";0;"";0
"c43b97f3a7c64f6fb9816f216f20B300";"DASHBOARD";"DUE_PERIODIC_TEST";"VIEW";"DASHBOARD_DUE_PERIODIC_TEST_VIEW";0;"";0;"";0
"c43b97f3a7c64f6fb9816f216f20B301";"DASHBOARD";"PENDING_IN_SURVEY";"VIEW";"DASHBOARD_PENDING_IN_SURVEY_VIEW";0;"";0;"";0
"c43b97f3a7c64f6fb9816f216f20B302";"DASHBOARD";"PENDING_OUT_SURVEY";"VIEW";"DASHBOARD_PENDING_OUT_SURVEY_VIEW";0;"";0;"";0
"c43b97f3a7c64f6fb9816f216f20B303";"DASHBOARD";"PENDING_IN_PUBLISH";"VIEW";"DASHBOARD_PENDING_IN_PUBLISH_VIEW";0;"";0;"";0
"c43b97f3a7c64f6fb9816f216f20B304";"DASHBOARD";"PENDING_OUT_PUBLISH";"VIEW";"DASHBOARD_PENDING_OUT_PUBLISH_VIEW";0;"";0;"";0
"c43b97f3a7c64f6fb9816f216f20B305";"DASHBOARD";"PENDING_RELEASE_ORDER";"VIEW";"DASHBOARD_PENDING_RELEASE_ORDER_VIEW";0;"";0;"";0
"f6bfbb4982334f9193314ba288bcddad";"KIOSK";"IN_GATE";"ADD";"KIOSK_IN_GATE_ADD";0;"";0;"";0
